protein,scan,exptMass,monoMass,mostAbMass,charge,peptide,fragMode,peakLag,htCenter,htAvg,percentIonMatch,pValue,decoyRatio,top10,selectPeak,nmFrag,ngFrag,npFrag,enscore,decoyES
sp|P02751|FINC_HUMAN,20186,5806.4882,5806.3809,0,6,DQC<i>IVDDITYNVN{n{n{h{h{h}}{h{h{h}}{h}}}}}DTFHKRHEEGHMLNC<i>TC<i>FGQGR,CID,0,0.61025,9.206,59.375,1.24e-05,0.34583,10,,0,2,0,0.91308,0.33206
sp|P02763|A1AG1_HUMAN,11170,4560.9542,4560.91,0,5,NEEYNKSVQEIQATFFYFTPN{n{n{h{h{h{h}}}{h{h{h}}{h{h}}}}}}K,CID,0,0.71072,11.5877,66.2651,5.55e-16,0.71505,7,,0,2,0,0.88208,0.16188
sp|P02763|A1AG1_HUMAN,11170,4560.9542,4560.91,0,5,NEEYN{n{n{h{h{h{h}}}{h{h{h}}{h{h}}}}}}KSVQEIQATFFYFTPNK,CID,0,0.71072,11.5877,66.2651,1.22e-15,0.94634,7,,0,2,0,0.88208,0.13379
sp|P02751|FINC_HUMAN,20186,5806.4882,5806.3809,0,6,DQC<i>IVDDITYNVNDTFHKRHEEGHMLN{n{n{h{h{h}}{h{h{h}}{h}}}}}C<i>TC<i>FGQGR,CID,0,0.61025,9.206,59.375,4.26e-05,0.24962,10,,0,2,0,0.87258,0.14982
sp|P02751|FINC_HUMAN,14016,2201.1767,2201.1818,0,4,RGQPRQYNVGPSVSKYPLR,CID,0,0.61945,5.8207,48.0769,1.49e-05,0.69661,8,,0,0,1,0.82536,0.23126
sp|P02763|A1AG1_HUMAN,56637,5892.3163,5892.4339,0,6,NEEYN{n{n{h{h{n}}{h{n{h{s}}}}}}}KSVQEIQATFFYFTPN{n{n{h{h{n}}{h{n}}}}{f}}K,CID,0,0.65594,7.778,22.673,2.48e-07,0.68383,10,,0,2,0,0.82085,0.23514
sp|P02763|A1AG1_HUMAN,56637,5892.3163,5892.4339,0,6,NEEYN{n{n{h{h{n}}{h{n}}}}{f}}KSVQEIQATFFYFTPN{n{n{h{h{n}}{h{n{h{s}}}}}}}K,CID,0,0.65594,7.778,22.673,2.87e-07,0.76701,10,,0,2,0,0.82085,0.29469
sp|P02763|A1AG1_HUMAN,56637,5892.3163,5892.4339,0,6,NEEYN{n{n{h{h{n}}{h{n{h{s}}}}}}{f}}KSVQEIQATFFYFTPN{n{n{h{h{n}}{h{n}}}}}K,CID,0,0.66759,8.1512,22.2222,2.72e-06,0.69382,10,,0,2,0,0.81944,0.30834
sp|P02763|A1AG1_HUMAN,56637,5892.3163,5892.4339,0,6,NEEYN{n{n{h{h{n}}{h{n}}}}}KSVQEIQATFFYFTPN{n{n{h{h{n}}{h{n{h{s}}}}}}{f}}K,CID,0,0.66759,8.1512,22.2222,7.34e-06,0.40522,10,,0,2,0,0.81944,0.37043
sp|P02763|A1AG1_HUMAN,12792,5640.3837,5640.3117,0,6,NEEYN{n{n{h{h{h}}{h{h{h}}{h}}}}}KSVQEIQATFFYFTPN{n{n{h{h{n{h}}}{h}}}{f}}K,CID,0,0.76922,12.0112,21.6292,4.13e-07,0.41657,10,,0,2,0,0.81759,0.339
sp|P02763|A1AG1_HUMAN,12792,5640.3837,5640.3117,0,6,NEEYN{n{n{h{h{n{h}}}{h}}}{f}}KSVQEIQATFFYFTPN{n{n{h{h{h}}{h{h{h}}{h}}}}}K,CID,0,0.76922,12.0112,21.6292,3.09e-06,0.62073,10,,0,2,0,0.81759,0.28372
sp|P02763|A1AG1_HUMAN,9207,5170.2073,5170.1481,0,6,NEEYN{n{n{h{h{n{h}}}{h}}}}KSVQEIQATFFYFTPN{n{n{h{h}{h{h}{h}}}}}K,CID,0,0.64163,13.413,36.6667,6.37e-11,0.81002,8,,0,2,0,0.81136,0.25085
sp|P02763|A1AG1_HUMAN,9207,5170.2073,5170.1481,0,6,NEEYN{n{n{h{h}{h{h}{h}}}}}KSVQEIQATFFYFTPN{n{n{h{h{n{h}}}{h}}}}K,CID,0,0.64163,13.413,36.6667,1.63e-10,0.37167,8,,0,2,0,0.81136,0.18328
sp|P02763|A1AG1_HUMAN,12152,5640.3519,5640.3117,0,6,NEEYN{n{n{h{h{n{h}}}{h}}}{f}}KSVQEIQATFFYFTPN{n{n{h{h{h}}{h{h{h}}{h}}}}}K,CID,0,0.69307,7.2542,33.871,3.26e-06,0.7376,8,,0,2,0,0.80585,0.46198
sp|P02763|A1AG1_HUMAN,20113,5785.4266,5785.3492,0,5,NEEYN{n{n{h{h{h}}{h{h{h}}{h}}}}}KSVQEIQATFFYFTPN{n{n{h{h{n{h{s}}}}{h}}}}K,CID,0,0.67345,12.0008,25.3521,1.19e-08,0.36177,9,,0,2,0,0.80423,0.39678
sp|P02763|A1AG1_HUMAN,20113,5785.4266,5785.3492,0,5,NEEYN{n{n{h{h{n{h{s}}}}{h}}}}KSVQEIQATFFYFTPN{n{n{h{h{h}}{h{h{h}}{h}}}}}K,CID,0,0.67345,12.0008,25.3521,2.46e-09,0.64787,9,,0,2,0,0.80423,0.18584
sp|P12763|FETUA_BOVIN,97477,2518.3108,2518.3141,0,3,AQFVPLPVSVSVEFAVAATDC<i>IAK,CID,0,0.63507,6.4472,45.5556,7.64e-05,0.58411,9,,0,0,1,0.79474,0.12022
sp|P02763|A1AG1_HUMAN,9207,5170.2073,5170.1481,0,6,NEEYN{n{n{h{h{n}}{h}}}}KSVQEIQATFFYFTPN{n{n{h{h}{h{h{h}}{h}}}}}K,CID,0,0.6725,11.8147,29.4118,1.02e-08,0.4354,8,,0,2,0,0.79191,0.29573
sp|P02763|A1AG1_HUMAN,9207,5170.2073,5170.1481,0,6,NEEYN{n{n{h{h}{h{h{h}}{h}}}}}KSVQEIQATFFYFTPN{n{n{h{h{n}}{h}}}}K,CID,0,0.6725,11.8147,29.4118,2.47e-08,0.86367,8,,0,2,0,0.79191,0.086982
sp|P02763|A1AG1_HUMAN,9207,5170.2073,5170.1481,0,6,NEEYN{n{n{h{h{n}}{h{h}}}}}KSVQEIQATFFYFTPN{n{n{h{h}{h{h}{h}}}}}K,CID,0,0.60487,12.2897,34.8684,2.39e-09,0.48939,8,,0,2,0,0.79161,0.36571
sp|P02763|A1AG1_HUMAN,9207,5170.2073,5170.1481,0,6,NEEYN{n{n{h{h}{h{h}{h}}}}}KSVQEIQATFFYFTPN{n{n{h{h{n}}{h{h}}}}}K,CID,0,0.60487,12.2897,34.8684,2.03e-09,0.23151,8,,0,2,0,0.79161,0.29774
sp|P02763|A1AG1_HUMAN,12152,5640.3519,5640.3117,0,6,NEEYN{n{n{h{h{h{h}}}{h{h}{h{h}}}}}}KSVQEIQATFFYFTPN{n{n{h{h{n}}{h}}}{f}}K,CID,0,0.73241,6.5349,30.9133,5.74e-05,0.42787,10,,0,2,0,0.78911,0.38893
sp|P02763|A1AG1_HUMAN,12152,5640.3519,5640.3117,0,6,NEEYN{n{n{h{h{h}}{h{h{h}}{h}}}}}KSVQEIQATFFYFTPN{n{n{h{h{n{h}}}{h}}}{f}}K,CID,0,0.69307,7.2542,33.871,1.7e-05,0.80587,8,,0,2,0,0.78838,0.4105
sp|P02763|A1AG1_HUMAN,56637,5892.3163,5892.4339,0,6,NEEYN{n{n{h{h{n}}{h{n}{n{h{s}}}}}}}KSVQEIQATFFYFTPN{n{n{h{h{n}}{h}}}{f}}K,CID,0,0.5588,6.5491,23.2218,2.05e-08,0.11545,10,,0,2,0,0.78749,0.18465
sp|P02763|A1AG1_HUMAN,56637,5892.3163,5892.4339,0,6,NEEYN{n{n{h{h{n}}{h}}}{f}}KSVQEIQATFFYFTPN{n{n{h{h{n}}{h{n}{n{h{s}}}}}}}K,CID,0,0.5588,6.5491,23.2218,3.13e-08,0.21218,10,,0,2,0,0.78749,0.38427
sp|P02763|A1AG1_HUMAN,56637,5892.3163,5892.4339,0,6,NEEYN{n{n{h{h{n{h{s}}}}{h}}}{f}}KSVQEIQATFFYFTPN{n{n{h{h{n}}{h{n}{n}}}}}K,CID,0,0.56042,6.9904,22.4537,1.53e-07,0.21233,10,,0,2,0,0.78571,0.40675
sp|P02763|A1AG1_HUMAN,56637,5892.3163,5892.4339,0,6,NEEYN{n{n{h{h{n}}{h{n}{n}}}}}KSVQEIQATFFYFTPN{n{n{h{h{n{h{s}}}}{h}}}{f}}K,CID,0,0.56042,6.9904,22.4537,4.28e-07,0.18268,10,,0,2,0,0.78571,0.44016
sp|P12763|FETUA_BOVIN,47224,4511.9192,4511.8698,0,5,KLC<i>PDC<i>PLLAPLN{n{n{h{h{n{h}}{n{h}}}{h{n{h}}{n{h{s}}}}}}}DSR,CID,0,0.5801,10.7175,19.9288,1.35e-08,0.91142,10,,0,2,0,0.78539,0.10165
sp|P02763|A1AG1_HUMAN,56637,5892.3163,5892.4339,0,6,NEEYN{n{n{h{h{n}}{h{n}{n{h{s}}}}}}{f}}KSVQEIQATFFYFTPN{n{n{h{h{n}}{h}}}}K,CID,0,0.55292,6.7636,22.1294,2.1e-06,0.63493,10,,0,2,0,0.78182,0.27828
sp|P02763|A1AG1_HUMAN,56637,5892.3163,5892.4339,0,6,NEEYN{n{n{h{h{n}}{h}}}}KSVQEIQATFFYFTPN{n{n{h{h{n}}{h{n}{n{h{s}}}}}}{f}}K,CID,0,0.55292,6.7636,22.1294,2.21e-07,0.55683,10,,0,2,0,0.78182,0.25061
sp|P02763|A1AG1_HUMAN,56637,5892.3163,5892.4339,0,6,NEEYN{n{n{h{h{n{h{s}}}}{h}}}}KSVQEIQATFFYFTPN{n{n{h{h{n}}{h{n}{n}}}}{f}}K,CID,0,0.55571,7.5147,21.3457,8.5e-06,0.30627,10,,0,2,0,0.78044,0.42297
sp|P02763|A1AG1_HUMAN,56637,5892.3163,5892.4339,0,6,NEEYN{n{n{h{h{n}}{h{n}{n}}}}{f}}KSVQEIQATFFYFTPN{n{n{h{h{n{h{s}}}}{h}}}}K,CID,0,0.55571,7.5147,21.3457,9.49e-07,0.35059,10,,0,2,0,0.78044,0.18355
sp|P02751|FINC_HUMAN,38195,5371.1059,5371.0373,0,5,HEEGHMLN{n{n{h{h{n{h}}{n{h{s}}}}{h{n{h{s}}}{n{h{s}}}}}}}C<i>TC<i>FGQGRGR,CID,0,0.48771,2.9374,51.7426,0.00012784,0.55293,10,,0,2,0,0.76546,0.361
sp|P02763|A1AG1_HUMAN,11433,5640.368,5640.3117,0,6,NEEYN{n{n{h{h{n}}{h}}}{f}}KSVQEIQATFFYFTPN{n{n{h{h{h{h}}}{h{h}{h{h}}}}}}K,CID,0,0.79015,9.4378,26.4706,3.87e-05,0.79621,9,,0,2,0,0.76318,0.35114
sp|P02763|A1AG1_HUMAN,11191,5154.201,5154.1532,0,6,NEEYN{n{n{h{h{n}}{h}}}{f}}KSVQEIQATFFYFTPN{n{n{h{h}{h{h}{h}}}}}K,CID,0,0.63087,11.8557,30.7143,0.0001031,0.83385,10,,0,2,0,0.76189,0.38312
sp|P02763|A1AG1_HUMAN,12792,5640.3837,5640.3117,0,6,NEEYN{n{n{h{h{n}}{h}}}{f}}KSVQEIQATFFYFTPN{n{n{h{h{h{h}}}{h{h}{h{h}}}}}}K,CID,0,0.79278,11.5154,19.6581,4.68e-05,0.087256,10,,0,2,0,0.76069,0.34528
sp|P02751|FINC_HUMAN,25746,2477.1961,2477.1955,0,3,TEIDKPSQM<o>QVTDVQDNSISVK,CID,0,0.58834,4.2097,70.3297,0.0006309,0.15598,8,,0,0,1,0.75975,0.328
sp|P02763|A1AG1_HUMAN,11433,5640.368,5640.3117,0,6,NEEYN{n{n{h{h{n{h}}}{h}}}{f}}KSVQEIQATFFYFTPN{n{n{h{h{h}}{h{h{h}}{h}}}}}K,CID,0,0.76027,10.2457,27.566,2.29e-05,0.73607,8,,0,2,0,0.75882,0.29556
sp|P02751|FINC_HUMAN,88359,1926.0315,1926.0363,0,3,FLATTPNSLLVSWQPPR,CID,0,0.47447,3.8062,70.5882,3.9e-05,0.91415,6,,0,0,1,0.75832,0.14707
sp|P61823|RNAS1_BOVIN,52103,5360.2813,5360.3692,0,5,N{n{n{h{h{n}}{h{n{h}}{n{h{s}}}}}}}LTKDRC<i>KPVNTFVHESLADVQAVC<i>SQK,CID,0,0.5249,15.4006,16.6667,9e-09,0.064915,10,,0,2,0,0.75397,0.083368
sp|P02751|FINC_HUMAN,33651,7844.3569,7844.4612,0,6,ESKPLTAQQTTKLDAPTNLQFVN{n{n{h{h{n{h{s}}}{n{h{s}}}}{h{n{h{s}}}{n{h{s}}}}}}{f}}ETDSTVLVRWTPPR,CID,0,0.50606,8.8219,49.4318,8.57e-12,0.86198,6,,0,2,0,0.74911,0.32987
sp|P61823|RNAS1_BOVIN,52188,5360.3056,5360.3692,0,6,N{n{n{h{h{n}}{h{n{h}}{n{h{s}}}}}}}LTKDRC<i>KPVNTFVHESLADVQAVC<i>SQK,CID,0,0.51132,12.24,24.2105,1.11e-15,0.5075,9,,0,2,0,0.74732,0.064648
sp|P02763|A1AG1_HUMAN,11191,5154.201,5154.1532,0,6,NEEYN{n{n{h{h}{h{h}{h}}}}}KSVQEIQATFFYFTPN{n{n{h{h{n}}{h}}}{f}}K,CID,0,0.63087,11.8557,30.7143,0.00016304,0.13959,10,,0,2,0,0.74681,0.35106
sp|P02751|FINC_HUMAN,15402,1400.6586,1400.6585,0,3,HYQINQQWER,CID,0,0.50365,6.4809,56.4103,3.19e-06,0.5053,5,,0,0,1,0.74499,0.097115
sp|P02763|A1AG1_HUMAN,12792,5640.3837,5640.3117,0,6,NEEYN{n{n{h{h{h{h}}}{h{h}{h{h}}}}}}KSVQEIQATFFYFTPN{n{n{h{h{n}}{h}}}{f}}K,CID,0,0.79278,11.5154,19.6581,7.67e-05,0.33391,10,,0,2,0,0.74444,0.3538
sp|P02763|A1AG1_HUMAN,12152,5640.3519,5640.3117,0,6,NEEYN{n{n{h{h{n}}{h}}}{f}}KSVQEIQATFFYFTPN{n{n{h{h{h{h}}}{h{h}{h{h}}}}}}K,CID,0,0.73241,6.5349,30.9133,0.00023774,0.56696,10,,0,2,0,0.74239,0.34789
sp|P02763|A1AG1_HUMAN,11799,5316.2573,5316.206,0,5,NEEYN{n{n{h{h{n{h}}}{h}}}{f}}KSVQEIQATFFYFTPN{n{n{h{h}{h{h}{h}}}}}K,CID,0,0.63129,9.233,26.484,2.83e-05,0.049432,8,,0,2,0,0.74133,0.26956
sp|P02763|A1AG1_HUMAN,2105,4294.8632,4294.784,0,6,EYQTRQDQC<i>IYN{n{n{h{h{h{h}}}{h{h}{h{h}}}}}}TTYLNVQR,CID,0,0.61695,11.7645,33.6538,1.04e-05,0.38707,6,,0,2,0,0.74124,0.13838
sp|P02763|A1AG1_HUMAN,79387,1159.5801,1159.5815,0,2,WFYIASAFR,CID,0,0.46309,14.3037,53.5714,2.78e-05,0.58075,7,,0,0,1,0.73691,0.0375
sp|P02751|FINC_HUMAN,78382,7508.0068,7507.9796,0,6,DQC<i>IVDDITYNVN{n{n{h{h{n{h}}{n{h{s}}}}{h{n{h{s}}}{n{h{s}}}}}}}DTFHKRHEEGHM<o>LNC<i>TC<i>FGQGR,CID,0,0.52591,3.9715,45.4545,0.00013446,0.28763,9,,0,2,0,0.73385,0.37715
sp|P02763|A1AG1_HUMAN,61238,5867.4127,5867.4023,0,5,NEEYN{n{n{h{h{n{h}}}{h{n{h{s}}}}}}}KSVQEIQATFFYFTPN{n{n{h{h{n}}{h{h}}}}}K,CID,0,0.50465,3.8344,34.4498,2.41e-05,0.16314,8,,0,2,0,0.72281,0.24117
sp|P02763|A1AG1_HUMAN,14293,5316.2603,5316.206,0,5,NEEYN{n{n{h{h{n{h}}}{h}}}{f}}KSVQEIQATFFYFTPN{n{n{h{h}{h{h}{h}}}}}K,CID,0,0.62797,8.3186,28.6408,6.32e-05,0.8496,8,,0,2,0,0.7204,0.22929
sp|P02751|FINC_HUMAN,60227,6130.5114,6130.4268,0,5,GGNSNGALC<i>HFPFLYNNHN{n{n{h{h{n}{n{h}}}{h{n{h{s}}}{n{h{s}}}}}}}YTDC<i>TSEGRR,CID,0,0.60008,13.8965,12.0879,2.51e-06,0.53168,8,,0,2,0,0.71858,0.20081
sp|P02763|A1AG1_HUMAN,20002,5785.4373,5785.3492,0,6,NEEYN{n{n{h{h{n{h{s}}}}{h}}}}KSVQEIQATFFYFTPN{n{n{h{h{h}}{h{h{h}}{h}}}}}K,CID,0,0.74767,12.5154,26.6667,0.0003463,0.068206,10,,0,2,0,0.71674,0.49154
sp|P02763|A1AG1_HUMAN,52188,5360.3056,5360.3427,0,6,SVQEIQATFFYFTPN{n{n{h{h{n}{n}}{h{n{h}}{n{h{s}}}}}}{f}}KTEDTIFLR,CID,0,0.50712,11.5839,14.4578,5.66e-06,0.79072,9,,0,2,0,0.71523,0.25119
sp|P02763|A1AG1_HUMAN,50542,5601.2306,5601.3385,0,6,NEEYN{n{n{h{h{n}}{h{n{h}}}}}}KSVQEIQATFFYFTPN{n{n{h{h{n}}{h{n}}}}{f}}K,CID,0,0.66834,18.9406,12.1302,4.07e-10,0.94299,7,,0,2,0,0.71291,0.24448
sp|P02763|A1AG1_HUMAN,50542,5601.2306,5601.3385,0,6,NEEYN{n{n{h{h{n}}{h{n}}}}{f}}KSVQEIQATFFYFTPN{n{n{h{h{n}}{h{n{h}}}}}}K,CID,0,0.66834,18.9406,12.1302,9.96e-11,0.69704,7,,0,2,0,0.71291,0.34459
sp|P02763|A1AG1_HUMAN,50542,5601.2306,5601.3385,0,6,NEEYN{n{n{h{h{n}}{h{n{h}}}}}{f}}KSVQEIQATFFYFTPN{n{n{h{h{n}}{h{n}}}}}K,CID,0,0.67312,19.2548,12.0944,3.06e-09,0.27195,7,,0,2,0,0.71279,0.15928
sp|P02763|A1AG1_HUMAN,50542,5601.2306,5601.3385,0,6,NEEYN{n{n{h{h{n}}{h{n}}}}}KSVQEIQATFFYFTPN{n{n{h{h{n}}{h{n{h}}}}}{f}}K,CID,0,0.67312,19.2548,12.0944,1.63e-11,0.76851,7,,0,2,0,0.71279,0.060182
sp|P02751|FINC_HUMAN,40045,1542.7552,1542.7566,0,2,SYTITGLQPGTDYK,CID,0,0.37741,4.5766,64.1026,2.8e-05,0.047255,6,,0,0,1,0.71164,0.11285
sp|P02763|A1AG1_HUMAN,14293,5316.2603,5316.206,0,5,NEEYN{n{n{h{h}{h{h}{h}}}}}KSVQEIQATFFYFTPN{n{n{h{h{n{h}}}{h}}}{f}}K,CID,0,0.62797,8.3186,28.6408,8.37e-05,0.77861,8,,0,2,0,0.71113,0.20538
sp|P02751|FINC_HUMAN,78382,7508.0068,7507.9796,0,6,DQC<i>IVDDITYNVNDTFHKRHEEGHM<o>LN{n{n{h{h{n{h}}{n{h{s}}}}{h{n{h{s}}}{n{h{s}}}}}}}C<i>TC<i>FGQGR,CID,0,0.52591,3.9715,45.4545,0.00027621,0.10774,9,,0,2,0,0.71017,0.14439
sp|P02751|FINC_HUMAN,58310,4474.7292,4474.7886,0,5,DQC<i>IVDDITYNVN{n{n{h{h{n{h}}}{h{n{h}}{n{h{s}}}}}}}DTFHK,CID,0,0.47309,6.9563,24.8092,3.48e-06,0.82587,8,,0,2,0,0.70949,0.23299
sp|P02763|A1AG1_HUMAN,8514,5170.205,5170.1481,0,5,NEEYN{n{n{h{h}{h{h}{h}}}}}KSVQEIQATFFYFTPN{n{n{h{h{n}}{h{h}}}}}K,CID,0,0.58289,7.9649,41.1348,0.00036486,0.15459,9,,0,2,0,0.70943,0.24277
sp|P02751|FINC_HUMAN,55656,5839.4065,5839.3314,0,6,GGNSNGALC<i>HFPFLYNNHN{n{n{h{h{n}{n{h}}}{h{n{h}}{n{h{s}}}}}}}YTDC<i>TSEGRR,CID,0,0.45191,6.9842,27.0175,6.06e-07,0.05683,8,,0,2,0,0.70824,0.036139
sp|P02763|A1AG1_HUMAN,8514,5170.205,5170.1481,0,5,NEEYN{n{n{h{h{n{h}}}{h}}}}KSVQEIQATFFYFTPN{n{n{h{h}{h{h}{h}}}}}K,CID,0,0.53727,7.9899,41.5493,0.00023986,0.74731,9,,0,2,0,0.70697,0.2494
sp|P02751|FINC_HUMAN,35410,2461.1973,2461.2006,0,3,TEIDKPSQMQVTDVQDNSISVK,CID,0,0.6114,4.3463,72.619,0.0024043,0.34146,7,,0,0,1,0.70677,0.17361
sp|P61823|RNAS1_BOVIN,28610,3745.5026,3745.5305,0,4,SRN{n{n{h{h{n}{n}}{h{n{h{s}}}{n{h{s}}}}}}{f}}LTKDR,CID,0,0.59269,10.6231,17.0213,3.12e-06,0.67846,7,,0,2,0,0.70615,0.24684
sp|P02763|A1AG1_HUMAN,11433,5640.368,5640.3117,0,6,NEEYN{n{n{h{h{h}}{h{h{h}}{h}}}}}KSVQEIQATFFYFTPN{n{n{h{h{n{h}}}{h}}}{f}}K,CID,0,0.76027,10.2457,27.566,0.00011974,0.58214,8,,0,2,0,0.70448,0.32917
sp|P02763|A1AG1_HUMAN,61238,5867.4127,5867.4023,0,5,NEEYN{n{n{h{h{n}}{h{h}}}}}KSVQEIQATFFYFTPN{n{n{h{h{n{h}}}{h{n{h{s}}}}}}}K,CID,0,0.50465,3.8344,34.4498,4.21e-05,0.57417,8,,0,2,0,0.70448,0.1492
sp|P02751|FINC_HUMAN,96719,2523.3547,2523.3584,0,2,DLEVVAATPTSLLISWDAPAVTVR,CID,0,0.43361,8.1739,51.5625,9.17e-06,0.16677,5,,0,0,1,0.70291,0.20776
sp|P02751|FINC_HUMAN,57235,6130.5139,6130.4268,0,5,GGNSNGALC<i>HFPFLYNNHN{n{n{h{h{n}{n{h}}}{h{n{h{s}}}{n{h{s}}}}}}}YTDC<i>TSEGRR,CID,0,0.43962,5.8787,18.6813,7.71e-07,0.48846,9,,0,2,0,0.70246,0.081453
sp|P02763|A1AG1_HUMAN,50542,5601.2306,5601.3385,0,6,NEEYN{n{n{h{h{n{h}}}{h}}}{f}}KSVQEIQATFFYFTPN{n{n{h{h{n}}{h{n}{n}}}}}K,CID,0,0.62148,18.8721,12.2159,4.79e-11,0.54201,7,,0,2,0,0.70221,0.32494
sp|P02763|A1AG1_HUMAN,50542,5601.2306,5601.3385,0,6,NEEYN{n{n{h{h{n}}{h{n}{n}}}}}KSVQEIQATFFYFTPN{n{n{h{h{n{h}}}{h}}}{f}}K,CID,0,0.62148,18.8721,12.2159,4.97e-11,0.00086029,7,,0,2,0,0.70221,0.46954
sp|P02763|A1AG1_HUMAN,50542,5601.2306,5601.3385,0,6,NEEYN{n{n{h{h{n}}{h{n}{n{h}}}}}{f}}KSVQEIQATFFYFTPN{n{n{h{h{n}}{h}}}}K,CID,0,0.61796,17.5168,11.8863,2.73e-12,0.10305,7,,0,2,0,0.69982,0.16641
sp|P02763|A1AG1_HUMAN,50542,5601.2306,5601.3385,0,6,NEEYN{n{n{h{h{n}}{h}}}}KSVQEIQATFFYFTPN{n{n{h{h{n}}{h{n}{n{h}}}}}{f}}K,CID,0,0.61796,17.5168,11.8863,4.49e-11,0.37067,7,,0,2,0,0.69982,0.30276
sp|P02751|FINC_HUMAN,57590,5839.3992,5839.3314,0,6,GGNSNGALC<i>HFPFLYNNHN{n{n{h{h{n}{n{h}}}{h{n{h}}{n{h{s}}}}}}}YTDC<i>TSEGRR,CID,0,0.5116,8.1382,24.9123,5.01e-06,0.62239,7,,0,2,0,0.69962,0.25115
sp|P02763|A1AG1_HUMAN,8514,5170.205,5170.1481,0,5,NEEYN{n{n{h{h{n}}{h{h}}}}}KSVQEIQATFFYFTPN{n{n{h{h}{h{h}{h}}}}}K,CID,0,0.58289,7.9649,41.1348,0.00050989,0.62157,9,,0,2,0,0.69842,0.40966
sp|P02763|A1AG1_HUMAN,20002,5785.4373,5785.3492,0,6,NEEYN{n{n{h{h{h}}{h{h{h}}{h}}}}}KSVQEIQATFFYFTPN{n{n{h{h{n{h{s}}}}{h}}}}K,CID,0,0.74767,12.5154,26.6667,0.00061414,0.77886,10,,0,2,0,0.6979,0.37238
sp|P02763|A1AG1_HUMAN,11799,5316.2573,5316.206,0,5,NEEYN{n{n{h{h}{h{h}{h}}}}}KSVQEIQATFFYFTPN{n{n{h{h{n{h}}}{h}}}{f}}K,CID,0,0.63129,9.233,26.484,0.00010615,0.9936,8,,0,2,0,0.69787,0.34361
sp|P12763|FETUA_BOVIN,50770,8797.8464,8797.8698,0,6,KLC<i>PDC<i>PLLAPLN{n{n{h{h{n}}{h{n{h{s}}}{n{h{s}}}}}}{f}}DSRVVHAVEVALATFNAESN{n{n{h{h}{h{h{h}}{h}}}}}GSYLQLVEISR,CID,0,0.34296,5.5878,20.8995,9.01e-06,0.19434,10,,0,2,0,0.69722,0.23751
sp|P12763|FETUA_BOVIN,50770,8797.8464,8797.8698,0,6,KLC<i>PDC<i>PLLAPLN{n{n{h{h}{h{h{h}}{h}}}}}DSRVVHAVEVALATFNAESN{n{n{h{h{n}}{h{n{h{s}}}{n{h{s}}}}}}{f}}GSYLQLVEISR,CID,0,0.34296,5.5878,20.8995,3.96e-06,0.074996,10,,0,2,0,0.69722,0.27071
sp|P02763|A1AG1_HUMAN,11433,5640.368,5640.3117,0,6,NEEYN{n{n{h{h{h{h}}}{h{h}{h{h}}}}}}KSVQEIQATFFYFTPN{n{n{h{h{n}}{h}}}{f}}K,CID,0,0.79015,9.4378,26.4706,0.00030519,0.85265,9,,0,2,0,0.69529,0.42055
sp|P02763|A1AG1_HUMAN,17604,4456.9207,4456.8368,0,5,EYQTRQDQC<i>IYN{n{n{h{h{h{h}}}{h{h{h}}{h{h}}}}}}TTYLNVQR,CID,0,0.69164,9.3347,48.2143,0.00024761,0.23332,6,,0,2,0,0.69511,0.23153
sp|P02751|FINC_HUMAN,58312,4511.6815,4511.7304,0,5,RHEEGHM<o>LN{n{n{h{h{n}}{h{n{h{s}}}{n{h{s}}}}}}}C<i>TC<i>FGQGR,CID,0,0.6882,20.4684,14.8718,4.91e-05,0.47379,8,,0,2,0,0.69413,0.16522
sp|P02763|A1AG1_HUMAN,50542,5601.2306,5601.3385,0,6,NEEYN{n{n{h{h{n}}{h{n}{n{h}}}}}}KSVQEIQATFFYFTPN{n{n{h{h{n}}{h}}}{f}}K,CID,0,0.59598,16.6924,11.9898,8.78e-12,0.28435,7,,0,2,0,0.69169,0.26185
sp|P02763|A1AG1_HUMAN,50542,5601.2306,5601.3385,0,6,NEEYN{n{n{h{h{n}}{h}}}{f}}KSVQEIQATFFYFTPN{n{n{h{h{n}}{h{n}{n{h}}}}}}K,CID,0,0.59598,16.6924,11.9898,6.34e-12,0.55505,7,,0,2,0,0.69169,0.26718
sp|P02763|A1AG1_HUMAN,50542,5601.2306,5601.3385,0,6,NEEYN{n{n{h{h{n{h}}}{h}}}}KSVQEIQATFFYFTPN{n{n{h{h{n}}{h{n}{n}}}}{f}}K,CID,0,0.58485,20.2198,12.8571,2.92e-13,0.62134,7,,0,2,0,0.69012,0.11279
sp|P02763|A1AG1_HUMAN,50542,5601.2306,5601.3385,0,6,NEEYN{n{n{h{h{n}}{h{n}{n}}}}{f}}KSVQEIQATFFYFTPN{n{n{h{h{n{h}}}{h}}}}K,CID,0,0.58485,20.2198,12.8571,4.7e-13,0.67334,7,,0,2,0,0.69012,0.2409
sp|P02763|A1AG1_HUMAN,53063,5892.3464,5892.4339,0,6,NEEYN{n{n{h{h{n}}{h{n}}}}{f}}KSVQEIQATFFYFTPN{n{n{h{h{n}}{h{n{h{s}}}}}}}K,CID,0,0.57975,3.2745,39.8568,0.00013951,0.78578,7,,0,2,0,0.68585,0.38597
sp|P02751|FINC_HUMAN,56873,5839.4032,5839.3314,0,6,GGNSNGALC<i>HFPFLYNNHN{n{n{h{h{n}{n{h}}}{h{n{h}}{n{h{s}}}}}}}YTDC<i>TSEGRR,CID,0,0.4553,11.6905,19.2982,8.22e-14,0.15739,8,,0,2,0,0.68542,0.24921
sp|P02751|FINC_HUMAN,56918,5839.3969,5839.3314,0,4,GGNSNGALC<i>HFPFLYNNHN{n{n{h{h{n}{n{h}}}{h{n{h}}{n{h{s}}}}}}}YTDC<i>TSEGRR,CID,0,0.43734,12.2415,45.4545,4.58e-06,0.68561,5,,0,2,0,0.68525,0.081352
sp|P02763|A1AG1_HUMAN,61238,5867.4127,5867.4023,0,5,NEEYN{n{n{h{h{n{h}}}{h{n{h}}}}}}KSVQEIQATFFYFTPN{n{n{h{h{n{h{s}}}}{h}}}}K,CID,0,0.48179,4.3848,35.0543,6.23e-05,0.082759,8,,0,2,0,0.68466,0.38316
sp|P02751|FINC_HUMAN,51909,5418.283,5418.3236,0,5,DTLTSRPAQGVVTTLEN{n{n{h{h{n{h}}{n{h}}}{h{n{h{s}}}{n{h{s}}}}}}{f}}VSPPR,CID,0,0.4409,4.6075,20.625,3.87e-06,0.411,8,,0,2,0,0.68403,0.20728
sp|P02763|A1AG1_HUMAN,8514,5170.205,5170.1481,0,5,NEEYN{n{n{h{h}{h{h}{h}}}}}KSVQEIQATFFYFTPN{n{n{h{h{n{h}}}{h}}}}K,CID,0,0.53727,7.9899,41.5493,0.00051226,0.11081,9,,0,2,0,0.68202,0.28611
sp|P02751|FINC_HUMAN,17316,5195.1807,5195.2381,0,6,GEWTC<i>IAYSQLRDQC<i>IVDDITYNVN{n{n{h{h}{h{h{h}}{h}}}}}DTFHKR,CID,0,0.54263,8.5316,43.5484,0.00015362,0.84554,7,,0,2,0,0.67994,0.15107
sp|P02763|A1AG1_HUMAN,3254,3859.4703,3859.4193,0,3,NEEYN{n{n{h{h{n}{n{h{s}}}}{h{n{h{s}}}{n{h{s}}}}}}}K,CID,0,0.45849,7.5696,33.0049,2.78e-06,0.32652,6,,0,2,0,0.67948,0.18767
sp|P02751|FINC_HUMAN,43748,5609.3054,5609.1935,0,5,GGNSNGALC<i>HFPFLYNNHN{n{n{h{h{n}}{h{n{h{s}}}{n{h{s}}}}}}}YTDC<i>TSEGR,CID,0,0.43383,8.9208,18.2741,1.88e-05,0.56824,9,,0,2,0,0.67815,0.20377
sp|P02763|A1AG1_HUMAN,29382,5784.5822,5784.6735,0,6,QDQC<i>IYN{n{n{h{h}{h{h{h}}{h}}}}}TTYLNVQRENGTISRYVGGQEHFAHLLILR,CID,0,0.56551,8.5805,56.8966,0.0016268,0.61349,8,,0,2,0,0.67783,0.096591
sp|P02763|A1AG1_HUMAN,50542,5601.2306,5601.3385,0,6,NEEYN{n{n{h{h{n}}{h{h}}}}}KSVQEIQATFFYFTPN{n{n{h{h{n}}{h{n}{n}}}}{f}}K,CID,0,0.56563,15.5974,11.1748,2.66e-09,0.8599,7,,0,2,0,0.67747,0.087626
sp|P02763|A1AG1_HUMAN,50542,5601.2306,5601.3385,0,6,NEEYN{n{n{h{h{n}}{h{n}{n}}}}{f}}KSVQEIQATFFYFTPN{n{n{h{h{n}}{h{h}}}}}K,CID,0,0.56563,15.5974,11.1748,1.24e-08,0.29647,7,,0,2,0,0.67747,0.1094
sp|P02751|FINC_HUMAN,50816,5839.4208,5839.3314,0,4,GGNSNGALC<i>HFPFLYNNHN{n{n{h{h{n}{n{h}}}{h{n{h}}{n{h{s}}}}}}}YTDC<i>TSEGRR,CID,0,0.51144,18.7441,36.3636,2.77e-05,0.13525,6,,0,2,0,0.67687,0.29197
sp|P02751|FINC_HUMAN,54120,5839.4135,5839.3314,0,6,GGNSNGALC<i>HFPFLYNNHN{n{n{h{h{n}{n{h}}}{h{n{h}}{n{h{s}}}}}}}YTDC<i>TSEGRR,CID,0,0.45118,15.0243,16.1404,5.84e-14,0.88275,8,,0,2,0,0.67397,0.23553
sp|P02763|A1AG1_HUMAN,52152,5776.4843,5776.5348,0,5,SVQEIQATFFYFTPN{n{n{h{h{n{h{s}}}}{h{n{h{s}}}}}}}KTEDTIFLREYQTR,CID,0,0.45056,7.0139,23.4899,4.69e-07,0.010933,7,,0,2,0,0.6717,0.11091
sp|P02763|A1AG1_HUMAN,65024,5867.4005,5867.4023,0,5,NEEYN{n{n{h{h}{h{h}{h}}}}}KSVQEIQATFFYFTPN{n{n{h{h{n}}{h{n}{n{h{s}}}}}}}K,CID,0,0.40753,3.489,32.1429,1.46e-05,0.83722,7,,0,2,0,0.66975,0.33545
sp|P02763|A1AG1_HUMAN,54050,5908.3223,5908.4288,0,6,NEEYN{n{n{h{h{n}}{h{n{h}}}}}}KSVQEIQATFFYFTPN{n{n{h{h{n}}{h{n{h{s}}}}}}}K,CID,0,0.61456,4.3152,41.1364,0.00087894,0.35095,8,,0,2,0,0.6677,0.40736
sp|P02751|FINC_HUMAN,60180,5839.4097,5839.3314,0,5,GGNSNGALC<i>HFPFLYNNHN{n{n{h{h{n}{n{h}}}{h{n{h}}{n{h{s}}}}}}}YTDC<i>TSEGRR,CID,0,0.50527,13.8557,15.4762,1.31e-10,0.93445,7,,0,2,0,0.6677,0.11448
sp|P02763|A1AG1_HUMAN,65024,5867.4005,5867.4023,0,5,NEEYN{n{n{h{h{n}}{h{h}{h}}}}}KSVQEIQATFFYFTPN{n{n{h{h{n}}{h{n{h{s}}}}}}}K,CID,0,0.42796,3.7323,32.6705,9.12e-06,0.58665,6,,0,2,0,0.66669,0.32337
sp|P02763|A1AG1_HUMAN,65024,5867.4005,5867.4023,0,5,NEEYN{n{n{h{h{n{h{s}}}}{h}}}}KSVQEIQATFFYFTPN{n{n{h{h{n{h}}}{h{n{h}}}}}}K,CID,0,0.39556,4.0117,36.3112,1.44e-07,0.21237,6,,0,2,0,0.66561,0.35338
sp|P02763|A1AG1_HUMAN,65024,5867.4005,5867.4023,0,5,NEEYN{n{n{h{h{n{h}}}{h{n{h}}}}}}KSVQEIQATFFYFTPN{n{n{h{h{n{h{s}}}}{h}}}}K,CID,0,0.39556,4.0117,36.3112,2.9e-08,0.98078,6,,0,2,0,0.66561,0.242
sp|P02751|FINC_HUMAN,43630,6015.4656,6015.366,0,5,DQC<i>IVDDITYNVN{n{n{h{h{n{h{s}}}{n{h{s}}}}{h{n{h{s}}}{n{h{s}}}}}}{f}}DTFHKR,CID,0,0.48289,5.2094,36.5729,0.00013043,0.053155,8,,0,2,0,0.66554,0.35752
sp|P02763|A1AG1_HUMAN,7971,5170.2117,5170.1481,0,6,NEEYN{n{n{h{h{n{h}}}{h}}}}KSVQEIQATFFYFTPN{n{n{h{h}{h{h}{h}}}}}K,CID,0,0.58226,6.3194,45.5172,0.00022004,0.90975,6,,0,2,0,0.66452,0.4094
sp|P02763|A1AG1_HUMAN,65024,5867.4005,5867.4023,0,5,NEEYN{n{n{h{h{n}}{h{n}{n{h{s}}}}}}}KSVQEIQATFFYFTPN{n{n{h{h}{h{h}{h}}}}}K,CID,0,0.40753,3.489,32.1429,1.79e-05,0.41524,7,,0,2,0,0.66296,0.29823
sp|P02751|FINC_HUMAN,57503,1291.6633,1291.666,0,2,DLQFVEVTDVK,CID,0,0.57591,7.2864,68.75,0.0042761,0.47015,7,,0,0,1,0.66209,0.10081
sp|P02763|A1AG1_HUMAN,11799,5316.2573,5316.206,0,5,NEEYN{n{n{h{h{n}}{h}}}{f}}KSVQEIQATFFYFTPN{n{n{h{h}{h{h{h}}{h}}}}}K,CID,0,0.6664,8.7849,23.6735,0.00030537,0.75786,8,,0,2,0,0.66153,0.35441
sp|P02763|A1AG1_HUMAN,61238,5867.4127,5867.4023,0,5,NEEYN{n{n{h{h{n}}{h{n{h{s}}}}}}}KSVQEIQATFFYFTPN{n{n{h{h{n}}{h{h}{h}}}}}K,CID,0,0.51905,3.7379,34.492,0.00019668,0.16392,8,,0,2,0,0.65944,0.22422
sp|P02751|FINC_HUMAN,52505,5677.3803,5677.2786,0,5,GGNSNGALC<i>HFPFLYNNHN{n{n{h{h{n}{n}}{h{n{h}}{n{h{s}}}}}}}YTDC<i>TSEGRR,CID,0,0.42165,8.3807,21.0256,3.79e-05,0.77559,9,,0,2,0,0.65905,0.11048
sp|P02763|A1AG1_HUMAN,27138,3802.4677,3802.3979,0,3,NEEYN{n{n{h{h{n{h{s}}}}{h{n{h{s}}}{n{h{s}}}}}}{f}}K,CID,0,0.52836,14.26,25.8216,5.89e-10,0.69619,5,,0,2,0,0.65891,0.18583
sp|P02763|A1AG1_HUMAN,65024,5867.4005,5867.4023,0,5,NEEYN{n{n{h{h{n{h}}}{h{n{h{s}}}}}}}KSVQEIQATFFYFTPN{n{n{h{h{n{h}}}{h}}}}K,CID,0,0.39681,3.6513,33.9523,6.78e-07,0.93131,6,,0,2,0,0.65872,0.29608
sp|P02763|A1AG1_HUMAN,65024,5867.4005,5867.4023,0,5,NEEYN{n{n{h{h{n{h}}}{h}}}}KSVQEIQATFFYFTPN{n{n{h{h{n{h}}}{h{n{h{s}}}}}}}K,CID,0,0.39681,3.6513,33.9523,3.32e-07,0.90457,6,,0,2,0,0.65872,0.27961
sp|P02763|A1AG1_HUMAN,61238,5867.4127,5867.4023,0,5,NEEYN{n{n{h{h{n{h}}}{h}}}}KSVQEIQATFFYFTPN{n{n{h{h{n{h}}}{h{n{h{s}}}}}}}K,CID,0,0.47022,3.8608,33.8308,0.00010908,0.62406,8,,0,2,0,0.65798,0.36097
sp|P02763|A1AG1_HUMAN,65024,5867.4005,5867.4023,0,5,NEEYN{n{n{h{h{n{h}}}{h{n{h{s}}}}}}}KSVQEIQATFFYFTPN{n{n{h{h{n}}{h{h}}}}}K,CID,0,0.4002,3.5398,33.2481,9.63e-07,0.80101,6,,0,2,0,0.65782,0.38747
sp|P02763|A1AG1_HUMAN,65024,5867.4005,5867.4023,0,5,NEEYN{n{n{h{h{n}}{h{h}}}}}KSVQEIQATFFYFTPN{n{n{h{h{n{h}}}{h{n{h{s}}}}}}}K,CID,0,0.4002,3.5398,33.2481,2.54e-07,0.021279,6,,0,2,0,0.65782,0.39135
sp|P02751|FINC_HUMAN,39246,5371.1218,5371.0373,0,5,HEEGHMLN{n{n{h{h{n{h}}{n{h{s}}}}{h{n{h{s}}}{n{h{s}}}}}}}C<i>TC<i>FGQGRGR,CID,0,0.47005,3.5535,34.6049,0.0001181,0.52903,8,,0,2,0,0.65772,0.29939
sp|P61823|RNAS1_BOVIN,23127,3454.4155,3454.4351,0,4,SRN{n{n{h{h{n}{n}}{h{n{h}}{n{h{s}}}}}}{f}}LTKDR,CID,0,0.49471,17.1938,13.4259,3.51e-06,0.056862,7,,0,2,0,0.65723,0.33754
sp|P02763|A1AG1_HUMAN,11799,5316.2573,5316.206,0,5,NEEYN{n{n{h{h}{h{h{h}}{h}}}}}KSVQEIQATFFYFTPN{n{n{h{h{n}}{h}}}{f}}K,CID,0,0.6664,8.7849,23.6735,0.00035749,0.74549,8,,0,2,0,0.65634,0.24447
sp|P02751|FINC_HUMAN,32359,2176.9777,2176.9816,0,3,RPHETGGYMLEC<i>VC<i>LGNGK,CID,0,0.45437,3.517,71.831,0.00077931,0.30947,6,,0,0,1,0.65596,0.12153
sp|P02763|A1AG1_HUMAN,61238,5867.4127,5867.4023,0,5,NEEYN{n{n{h{h{n{h{s}}}}{h}}}}KSVQEIQATFFYFTPN{n{n{h{h{n{h}}}{h{n{h}}}}}}K,CID,0,0.48179,4.3848,35.0543,0.00015112,0.037893,8,,0,2,0,0.65553,0.29269
sp|P02751|FINC_HUMAN,50377,5694.3672,5694.2939,0,6,GGNSNGALC<i>HFPFLYNNHN{n{n{h{h{n}{n{h}}}{h{n{h}}{n{h}}}}}{f}}YTDC<i>TSEGRR,CID,0,0.57923,7.1967,32.8947,0.00086647,0.64078,9,,0,2,0,0.65382,0.27428
sp|P02763|A1AG1_HUMAN,61238,5867.4127,5867.4023,0,5,NEEYN{n{n{h{h{n}}{h{h}{h}}}}}KSVQEIQATFFYFTPN{n{n{h{h{n}}{h{n{h{s}}}}}}}K,CID,0,0.51905,3.7379,34.492,0.00024359,0.85694,8,,0,2,0,0.65241,0.25633
sp|P02751|FINC_HUMAN,74778,4642.8789,4642.7886,0,4,HEEGHM<o>LN{n{n{h{h{n}{n{h}}}{h{n{h}}{n{h{s}}}}}}}C<i>TC<i>FGQGRGR,CID,0,0.46007,5.6765,37.5,1.67e-05,0.61149,5,,0,2,0,0.65228,0.16777
sp|P02751|FINC_HUMAN,50865,5548.3196,5548.236,0,5,GGNSNGALC<i>HFPFLYNNHN{n{n{h{h{n}{n{h}}}{h{n{h}}{n{h}}}}}}YTDC<i>TSEGRR,CID,0,0.44538,19.3884,17.7143,1.74e-11,0.78438,7,,0,2,0,0.65166,0.11214
sp|P02763|A1AG1_HUMAN,53063,5892.3464,5892.4339,0,6,NEEYN{n{n{h{h{n}}{h}}}{f}}KSVQEIQATFFYFTPN{n{n{h{h{n}}{h{n}{n{h{s}}}}}}}K,CID,0,0.54967,2.947,38.4937,0.00024527,0.06633,7,,0,2,0,0.65146,0.46167
sp|P02751|FINC_HUMAN,96378,10401.2094,10401.2005,0,6,GEWTC<i>IAYSQLRDQC<i>IVDDITYNVN{n{n{h{h{n}}{h{n{h{s}}}}}}}DTFHKRHEEGHMLN{n{n{h{h{n}{n{h}}}{h{n{h{s}}}{n{h{s}}}}}}{f}}C<i>TC<i>FGQGR,CID,0,0.46469,4.0789,42.0039,0.00012737,0.60481,7,,0,2,0,0.6513,0.42847
sp|P02763|A1AG1_HUMAN,61238,5867.4127,5867.4023,0,5,NEEYN{n{n{h{h{n{h}}}{h{n{h{s}}}}}}}KSVQEIQATFFYFTPN{n{n{h{h{n{h}}}{h}}}}K,CID,0,0.47022,3.8608,33.8308,0.00013853,0.99211,8,,0,2,0,0.65012,0.30524
sp|P02763|A1AG1_HUMAN,96378,10401.2094,10401.3668,0,6,QDQC<i>IYN{n{n{h{h{n{h}}{n{h{s}}}}{h{n{h{s}}}{n{h{s}}}}}}{f}}TTYLNVQREN{n{n{h{h{n{h}}}{h{n{h}}{n{h{s}}}}}}}GTISRYVGGQEHFAHLLILRDTK,CID,0,0.376,3.5865,41.1837,2.05e-05,0.083118,6,,0,2,0,0.64977,0.56119
sp|P02763|A1AG1_HUMAN,96378,10401.2094,10401.3668,0,6,QDQC<i>IYN{n{n{h{h{n{h{s}}}}{h{n{h{s}}}{n{h{s}}}}}}{f}}TTYLNVQREN{n{n{h{h{n{h}}{n{h}}}{h{n{h}}{n{h{s}}}}}}}GTISRYVGGQEHFAHLLILRDTK,CID,0,0.37521,3.5278,41.7323,3.63e-06,0.59138,5,,0,2,0,0.64972,0.41559
sp|P02763|A1AG1_HUMAN,96378,10401.2094,10401.3668,0,6,QDQC<i>IYN{n{n{h{h{n{h}}{n{h}}}{h{n{h}}{n{h{s}}}}}}}TTYLNVQREN{n{n{h{h{n{h{s}}}}{h{n{h{s}}}{n{h{s}}}}}}{f}}GTISRYVGGQEHFAHLLILRDTK,CID,0,0.37521,3.5278,41.7323,6.92e-07,0.015572,5,,0,2,0,0.64972,0.44562
sp|P02763|A1AG1_HUMAN,29382,5784.5822,5784.6735,0,6,QDQC<i>IYNTTYLNVQREN{n{n{h{h}{h{h{h}}{h}}}}}GTISRYVGGQEHFAHLLILR,CID,0,0.56551,8.5805,56.8966,0.0039994,0.71691,8,,0,2,0,0.64825,0.19219
sp|P02763|A1AG1_HUMAN,96378,10401.2094,10401.3668,0,6,QDQC<i>IYN{n{n{h{h{n{h}}}{h{n{h}}{n{h{s}}}}}}}TTYLNVQREN{n{n{h{h{n{h}}{n{h{s}}}}{h{n{h{s}}}{n{h{s}}}}}}{f}}GTISRYVGGQEHFAHLLILRDTK,CID,0,0.376,3.5865,41.1837,2.15e-05,0.95745,6,,0,2,0,0.64808,0.52511
sp|P02763|A1AG1_HUMAN,71742,6087.5854,6087.4936,0,5,QDQC<i>IYN{n{n{h{h{n}}{h{n}{n{h}}}}}}TTYLNVQREN{n{n{h{h{n}}{h{n{h{s}}}}}}}GTISR,CID,0,0.45442,2.3442,53.2609,0.00017143,0.2759,6,,0,2,0,0.64775,0.41693
sp|P02763|A1AG1_HUMAN,14293,5316.2603,5316.206,0,5,NEEYN{n{n{h{h}{h{h{h}}{h}}}}}KSVQEIQATFFYFTPN{n{n{h{h{n}}{h}}}{f}}K,CID,0,0.64625,7.7936,26.5217,0.00058317,0.0066033,8,,0,2,0,0.64771,0.60577
sp|P02751|FINC_HUMAN,96378,10401.2094,10401.2005,0,6,GEWTC<i>IAYSQLRDQC<i>IVDDITYNVN{n{n{h{h{n}{n{h}}}{h{n{h{s}}}{n{h{s}}}}}}{f}}DTFHKRHEEGHMLN{n{n{h{h{n}}{h{n{h{s}}}}}}}C<i>TC<i>FGQGR,CID,0,0.46469,4.0789,42.0039,0.00014237,0.64374,7,,0,2,0,0.64764,0.42957
sp|P02763|A1AG1_HUMAN,14293,5316.2603,5316.206,0,5,NEEYN{n{n{h{h{n}}{h}}}{f}}KSVQEIQATFFYFTPN{n{n{h{h}{h{h{h}}{h}}}}}K,CID,0,0.64625,7.7936,26.5217,0.00062435,0.85366,8,,0,2,0,0.64546,0.3486
sp|P02763|A1AG1_HUMAN,65024,5867.4005,5867.4023,0,5,NEEYN{n{n{h{h{n}}{h{n{h{s}}}}}}}KSVQEIQATFFYFTPN{n{n{h{h{n}}{h{h}{h}}}}}K,CID,0,0.42796,3.7323,32.6705,2e-05,0.43694,6,,0,2,0,0.64387,0.22052
sp|P02751|FINC_HUMAN,58791,2619.0961,2619.1015,0,3,FGFC<i>PMAAHEEIC<i>TTNEGVMYR,CID,0,0.39222,4.4891,53.75,3.62e-06,0.38953,3,,0,0,1,0.64382,0.090461
sp|P02751|FINC_HUMAN,96010,4886.3847,4886.3985,0,3,NEEDVAELSISPSDNAVVLTNLLPGTEYVVSVSSVYEQHESTPLR,CID,0,0.36725,3.8187,52.8926,3.17e-05,0.15652,5,,0,0,1,0.64364,0.073529
sp|P02763|A1AG1_HUMAN,54050,5908.3223,5908.4288,0,6,NEEYN{n{n{h{h{n}}{h{n{h{s}}}}}}}KSVQEIQATFFYFTPN{n{n{h{h{n}}{h{n{h}}}}}}K,CID,0,0.61456,4.3152,41.1364,0.0018443,0.60232,8,,0,2,0,0.64332,0.41866
sp|P02751|FINC_HUMAN,58461,5839.4043,5839.3314,0,6,GGNSNGALC<i>HFPFLYNNHN{n{n{h{h{n}{n{h}}}{h{n{h}}{n{h{s}}}}}}}YTDC<i>TSEGRR,CID,0,0.4972,8.0634,22.807,3.85e-05,0.013633,7,,0,2,0,0.64321,0.055513
sp|P02763|A1AG1_HUMAN,77100,6475.6435,6475.6041,0,6,QDQC<i>IYN{n{n{h{h{h{h}}}{h{h}{h{h}}}}}}TTYLNVQREN{n{n{h{h{n}}{h{n}{n{h{s}}}}}}{f}}GTISR,CID,0,0.55812,1.4019,64.9746,0.65122,0.62282,9,,0,2,0,0.64271,0.65846
sp|P02763|A1AG1_HUMAN,77100,6475.6435,6475.6041,0,6,QDQC<i>IYN{n{n{h{h{n}}{h{n}{n{h{s}}}}}}{f}}TTYLNVQREN{n{n{h{h{h{h}}}{h{h}{h{h}}}}}}GTISR,CID,0,0.55812,1.4019,64.9746,0.71168,0.3056,9,,0,2,0,0.64271,0.6871
sp|P02763|A1AG1_HUMAN,96378,10401.2094,10401.3668,0,6,QDQC<i>IYN{n{n{h{h{n{h{s}}}}{h{n{h{s}}}{n{h{s}}}}}}}TTYLNVQREN{n{n{h{h{n{h}}{n{h}}}{h{n{h}}{n{h{s}}}}}}{f}}GTISRYVGGQEHFAHLLILRDTK,CID,0,0.42106,3.9072,41.7871,3.82e-06,0.53484,4,,0,2,0,0.64253,0.43091
sp|P02763|A1AG1_HUMAN,96378,10401.2094,10401.3668,0,6,QDQC<i>IYN{n{n{h{h{n{h}}{n{h}}}{h{n{h}}{n{h{s}}}}}}{f}}TTYLNVQREN{n{n{h{h{n{h{s}}}}{h{n{h{s}}}{n{h{s}}}}}}}GTISRYVGGQEHFAHLLILRDTK,CID,0,0.42106,3.9072,41.7871,2.88e-06,0.035213,4,,0,2,0,0.64253,0.49713
sp|P02751|FINC_HUMAN,46418,5694.3957,5694.2939,0,5,GGNSNGALC<i>HFPFLYNNHN{n{n{h{h{n}{n{h}}}{h{n{h}}{n{h}}}}}{f}}YTDC<i>TSEGRR,CID,0,0.45132,17.0948,13.3333,8.23e-09,0.1293,7,,0,2,0,0.64025,0.056378
sp|P02763|A1AG1_HUMAN,53063,5892.3464,5892.4339,0,6,NEEYN{n{n{h{h{n}}{h{n{h{s}}}}}}}KSVQEIQATFFYFTPN{n{n{h{h{n}}{h{n}}}}{f}}K,CID,0,0.57975,3.2745,39.8568,0.00056181,0.33377,7,,0,2,0,0.64003,0.4317
sp|P02763|A1AG1_HUMAN,20051,5461.3159,5461.2435,0,5,NEEYN{n{n{h{h}{h{h}{h}}}}}KSVQEIQATFFYFTPN{n{n{h{h{n{h{s}}}}{h}}}}K,CID,0,0.53916,14.0654,20,0.00024619,0.20524,9,,0,2,0,0.6395,0.068876
sp|P02751|FINC_HUMAN,55486,5677.3659,5677.2786,0,6,GGNSNGALC<i>HFPFLYNNHN{n{n{h{h{n}{n}}{h{n{h}}{n{h{s}}}}}}}YTDC<i>TSEGRR,CID,0,0.36703,12.4377,15.1515,1.53e-08,0.10614,8,,0,2,0,0.63852,0.1874
sp|P02751|FINC_HUMAN,5505,780.4103,780.413,0,2,ATITGYR,CID,0,0.34228,8.0764,42.1053,6.19e-06,0.95124,5,,0,0,1,0.63822,0.018382
sp|P02763|A1AG1_HUMAN,8322,5332.2582,5332.2009,0,5,NEEYN{n{n{h{h}{h{h{h}}{h}}}}}KSVQEIQATFFYFTPN{n{n{h{h{n}}{h{h}}}}}K,CID,0,0.54908,3.7711,47.7564,0.00020545,0.32323,5,,0,2,0,0.63601,0.38462
sp|P02751|FINC_HUMAN,47738,5386.2689,5386.1832,0,5,GGNSNGALC<i>HFPFLYNNHN{n{n{h{h{n}{n}}{h{n{h}}{n{h}}}}}}YTDC<i>TSEGRR,CID,0,0.34426,13.434,25,9.54e-10,0.47453,7,,0,2,0,0.63553,0.28261
sp|P02751|FINC_HUMAN,96378,10401.2094,10401.2005,0,6,GEWTC<i>IAYSQLRDQC<i>IVDDITYNVN{n{n{h{h{n}}{h{n{h}}}}}}DTFHKRHEEGHMLN{n{n{h{h{n}{n{h{s}}}}{h{n{h{s}}}{n{h{s}}}}}}{f}}C<i>TC<i>FGQGR,CID,0,0.50273,4.4759,42.278,0.00015589,0.57119,6,,0,2,0,0.63514,0.41817
sp|P02763|A1AG1_HUMAN,19370,5623.3729,5623.2964,0,6,NEEYN{n{n{h{h}{h{h{h}}{h}}}}}KSVQEIQATFFYFTPN{n{n{h{h{n{h{s}}}}{h}}}}K,CID,0,0.72071,9.5731,18.9831,0.00043794,0.62377,8,,0,2,0,0.63501,0.40883
sp|P02751|FINC_HUMAN,87708,1926.0318,1926.0363,0,3,FLATTPNSLLVSWQPPR,CID,0,0.38387,3.5656,56.9231,0.00033669,0.87428,7,,0,0,1,0.63486,0.096154
sp|P02751|FINC_HUMAN,47119,4509.9084,4509.9526,0,5,LDAPTNLQFVN{n{n{h{h{n{h}}}{h{n{h}}{n{h{s}}}}}}}ETDSTVLVR,CID,0,0.33758,9.1987,17.5573,7.85e-10,0.87238,8,,0,2,0,0.63471,0.16874
sp|P02751|FINC_HUMAN,59552,5839.4293,5839.3314,0,5,GGNSNGALC<i>HFPFLYNNHN{n{n{h{h{n}{n{h}}}{h{n{h}}{n{h{s}}}}}}}YTDC<i>TSEGRR,CID,0,0.48994,13.6648,14.6825,2.34e-09,0.68965,6,,0,2,0,0.63432,0.13853
sp|P02763|A1AG1_HUMAN,7971,5170.2117,5170.1481,0,6,NEEYN{n{n{h{h{n}}{h{h}}}}}KSVQEIQATFFYFTPN{n{n{h{h}{h{h}{h}}}}}K,CID,0,0.5248,5.3039,44.898,0.00026702,0.4224,6,,0,2,0,0.63412,0.43125
sp|P02751|FINC_HUMAN,55091,8506.5973,8506.599,0,6,ITTTPTNGQQGNSLEEVVHADQSSC<i>TFDN{n{n{h{h{n{h}}}{h}}}{f}}LSPGLEYN{n{n{h{h{n}{n}}{h{n}{n{h{s}}}}}}{f}}VSVYTVK,CID,0,0.52964,1.8372,73.673,0.53125,0.57081,8,,0,2,0,0.63393,0.5917
sp|P02751|FINC_HUMAN,55091,8506.5973,8506.599,0,6,ITTTPTNGQQGNSLEEVVHADQSSC<i>TFDN{n{n{h{h{n}{n}}{h{n}{n{h{s}}}}}}{f}}LSPGLEYN{n{n{h{h{n{h}}}{h}}}{f}}VSVYTVK,CID,0,0.52964,1.8372,73.673,0.57702,0.32183,8,,0,2,0,0.63393,0.52895
sp|P02763|A1AG1_HUMAN,20371,5623.3575,5623.2964,0,5,NEEYN{n{n{h{h}{h{h{h}}{h}}}}}KSVQEIQATFFYFTPN{n{n{h{h{n{h{s}}}}{h}}}}K,CID,0,0.52854,12.3825,17.7122,4.3e-07,0.10965,5,,0,2,0,0.63363,0.15997
sp|P02763|A1AG1_HUMAN,54050,5908.3223,5908.4288,0,6,NEEYN{n{n{h{h{n}}{h{n}{n{h{s}}}}}}}KSVQEIQATFFYFTPN{n{n{h{h{n{h}}}{h}}}}K,CID,0,0.5125,3.8372,39.9582,0.00076316,0.032623,8,,0,2,0,0.62941,0.51026
sp|P02751|FINC_HUMAN,96378,10401.2094,10401.2005,0,6,GEWTC<i>IAYSQLRDQC<i>IVDDITYNVN{n{n{h{h{n}}{h{n}{n{h}}}}}}DTFHKRHEEGHMLN{n{n{h{h{n{h{s}}}}{h{n{h{s}}}{n{h{s}}}}}}{f}}C<i>TC<i>FGQGR,CID,0,0.46952,4.2007,42.3892,0.00012736,0.11426,6,,0,2,0,0.62936,0.33296
sp|P02763|A1AG1_HUMAN,8322,5332.2582,5332.2009,0,5,NEEYN{n{n{h{h{n}}{h{h}}}}}KSVQEIQATFFYFTPN{n{n{h{h}{h{h{h}}{h}}}}}K,CID,0,0.54908,3.7711,47.7564,0.00026357,0.90854,5,,0,2,0,0.62781,0.21052
sp|P02751|FINC_HUMAN,96378,10401.2094,10401.2005,0,6,GEWTC<i>IAYSQLRDQC<i>IVDDITYNVN{n{n{h{h{n}}{h{n}{n{h{s}}}}}}{f}}DTFHKRHEEGHMLN{n{n{h{h{n{h}}}{h{n{h{s}}}{n{h{s}}}}}}}C<i>TC<i>FGQGR,CID,0,0.45081,3.7278,43.4286,0.00011888,0.38826,6,,0,2,0,0.62768,0.33475
sp|P02751|FINC_HUMAN,96378,10401.2094,10401.2005,0,6,GEWTC<i>IAYSQLRDQC<i>IVDDITYNVN{n{n{h{h{n}{n{h{s}}}}{h{n{h{s}}}{n{h{s}}}}}}}DTFHKRHEEGHMLN{n{n{h{h{n}}{h{n{h}}}}}{f}}C<i>TC<i>FGQGR,CID,0,0.4986,4.4078,42.1965,8.73e-05,0.88149,5,,0,2,0,0.62736,0.34957
sp|P02763|A1AG1_HUMAN,52557,5835.4205,5835.3714,0,5,QDQC<i>IYN{n{n{h{h{n}}{h{n}}}}}TTYLNVQREN{n{n{h{h{h{h}}}{h{h{h}}{h{h}}}}}}GTISR,CID,0,0.5862,17.9554,8.2645,5.53e-06,0.7872,5,,0,2,0,0.62629,0.23406
sp|P02751|FINC_HUMAN,54163,5677.3614,5677.2786,0,5,GGNSNGALC<i>HFPFLYNNHN{n{n{h{h{n}{n}}{h{n{h}}{n{h{s}}}}}}}YTDC<i>TSEGRR,CID,0,0.38812,13.0683,16.4103,1.07e-11,0.34028,7,,0,2,0,0.62556,0.033296
sp|P02763|A1AG1_HUMAN,20371,5623.3575,5623.2964,0,5,NEEYN{n{n{h{h{n{h{s}}}}{h}}}}KSVQEIQATFFYFTPN{n{n{h{h}{h{h{h}}{h}}}}}K,CID,0,0.52854,12.3825,17.7122,1.34e-05,0.94424,5,,0,2,0,0.62399,0.24114
sp|P02751|FINC_HUMAN,55687,5677.3608,5677.2786,0,5,GGNSNGALC<i>HFPFLYNNHN{n{n{h{h{n}{n}}{h{n{h}}{n{h{s}}}}}}}YTDC<i>TSEGRR,CID,0,0.34403,12.9741,13.2979,1.14e-07,0.7005,8,,0,2,0,0.62388,0.088889
sp|P02751|FINC_HUMAN,58904,5839.3963,5839.3314,0,5,GGNSNGALC<i>HFPFLYNNHN{n{n{h{h{n}{n{h}}}{h{n{h}}{n{h{s}}}}}}}YTDC<i>TSEGRR,CID,0,0.49023,13.4408,11.0204,2.94e-08,0.55766,6,,0,2,0,0.62299,0.1785
sp|P02751|FINC_HUMAN,47091,4563.8326,4563.8205,0,5,RHEEGHMLN{n{n{h{h{n}}{h{n{h}}{n{h{s}}}}}}{f}}C<i>TC<i>FGQGRGR,CID,0,0.50711,2.9292,52.0661,0.0027638,0.040396,8,,0,2,0,0.62284,0.32398
sp|P02763|A1AG1_HUMAN,2854,4005.5247,4005.4772,0,3,NEEYN{n{n{h{h{n}{n{h{s}}}}{h{n{h{s}}}{n{h{s}}}}}}{f}}K,CID,0,0.30486,4.4137,41.7778,8.56e-07,0.41513,5,,0,2,0,0.62281,0.16102
sp|P02763|A1AG1_HUMAN,7971,5170.2117,5170.1481,0,6,NEEYN{n{n{h{h}{h{h}{h}}}}}KSVQEIQATFFYFTPN{n{n{h{h{n{h}}}{h}}}}K,CID,0,0.58226,6.3194,45.5172,0.00078229,0.24163,6,,0,2,0,0.6228,0.30861
sp|P02763|A1AG1_HUMAN,53063,5892.3464,5892.4339,0,6,NEEYN{n{n{h{h{n}}{h{n}{n{h{s}}}}}}}KSVQEIQATFFYFTPN{n{n{h{h{n}}{h}}}{f}}K,CID,0,0.54967,2.947,38.4937,0.00059995,0.67763,7,,0,2,0,0.62204,0.44506
sp|P02763|A1AG1_HUMAN,7971,5170.2117,5170.1481,0,6,NEEYN{n{n{h{h}{h{h}{h}}}}}KSVQEIQATFFYFTPN{n{n{h{h{n}}{h{h}}}}}K,CID,0,0.5248,5.3039,44.898,0.00039337,0.41338,6,,0,2,0,0.62137,0.48023
